date,alternative energy,bankrupt,bankruptcy,brent crude oil futures,brent crude,brent,carbon footprint,clean energy,crude oil,crude price,crude prices,current interests,economic issues,economic situation,economy problems,energy conservation,energy security,expensive,financial situation,fossil fuel,frugal,gamble,gas subsidy,going green,great depression,greenhouse gases,horizontal drilling,interest rates,kerosene,natural gas price,offshore drilling,oil price,recession depression,recession,state of the economy,U.S. economy,unemployment,west texas intermediate,WTI oil,WTI price
2004-01-01,32,40,71,0,1,75,0,3,10,1,2,0,4,1,<1,4,<1,33,<1,3,10,23,0,1,69,3,1,44,15,1,1,6,<1,1,<1,<1,28,3,6,3
2004-02-01,36,44,72,1,1,83,1,5,14,3,1,1,6,1,<1,4,1,30,<1,3,9,25,0,0,85,3,<1,50,8,1,1,7,<1,1,<1,1,24,0,3,0
2004-03-01,35,38,65,0,0,68,0,3,18,3,3,1,4,1,1,5,1,30,<1,3,8,26,1,1,100,2,1,57,6,2,1,8,<1,1,<1,<1,23,4,4,0
2004-04-01,42,34,69,0,0,72,0,3,18,3,3,1,5,1,1,5,<1,32,1,3,8,27,0,1,100,1,<1,68,4,1,1,8,<1,1,<1,1,23,5,9,0
2004-05-01,38,35,67,0,1,73,0,4,28,7,7,0,5,1,1,4,1,33,<1,3,9,25,0,2,72,2,<1,65,5,2,1,13,0,1,<1,<1,21,3,4,4
2004-06-01,24,31,74,0,1,74,0,1,21,4,4,0,3,<1,<1,3,1,29,<1,1,8,24,0,<1,24,1,1,58,5,1,1,10,0,1,<1,<1,21,6,3,3
2004-07-01,27,35,72,0,1,83,0,3,16,5,5,1,1,<1,<1,3,1,29,<1,1,13,22,0,1,13,1,1,51,4,1,1,7,0,1,<1,<1,22,3,3,6
2004-08-01,27,36,70,0,<1,80,0,3,32,9,6,0,2,<1,<1,2,<1,30,<1,1,9,26,0,<1,15,2,1,44,5,2,1,19,<1,1,<1,<1,20,4,3,3
2004-09-01,27,47,67,0,1,76,0,3,21,4,6,0,5,1,1,3,1,34,<1,2,8,26,0,1,38,1,1,43,7,3,1,14,<1,1,<1,<1,21,5,0,3
2004-10-01,37,39,67,0,1,88,0,4,29,7,7,<1,6,<1,1,5,1,32,<1,2,7,25,0,2,47,3,1,39,10,2,1,19,<1,1,<1,<1,21,3,5,4
2004-11-01,47,40,61,0,<1,81,0,3,27,6,7,0,5,1,1,4,1,36,1,4,9,25,0,1,56,5,<1,42,9,2,1,17,<1,1,<1,1,20,3,4,3
2004-12-01,28,37,61,<1,<1,73,0,3,24,4,6,0,4,1,1,4,1,33,<1,3,8,21,0,1,50,3,<1,40,14,2,1,13,<1,1,<1,<1,18,5,4,0
2005-01-01,27,36,68,0,<1,79,0,2,18,4,5,0,3,<1,1,4,1,33,<1,3,8,24,0,<1,62,3,1,40,12,2,1,9,<1,1,<1,<1,24,3,2,2
2005-02-01,30,38,68,0,1,81,<1,4,19,3,4,0,4,<1,<1,5,1,31,<1,2,7,30,0,1,81,3,1,47,8,2,1,10,<1,1,<1,<1,21,4,2,2
2005-03-01,47,38,84,0,1,73,0,4,33,8,9,<1,4,<1,<1,4,1,30,<1,3,7,25,0,1,81,3,<1,51,6,1,1,16,<1,1,<1,<1,19,2,6,2
2005-04-01,53,30,83,0,1,78,0,5,35,9,9,0,5,1,1,4,1,34,<1,4,7,23,0,1,88,3,1,51,5,2,1,20,<1,1,<1,<1,20,3,4,2
2005-05-01,41,32,71,0,<1,80,<1,5,25,7,9,0,5,1,1,4,1,33,<1,2,7,23,0,1,74,3,1,47,4,1,1,14,<1,1,<1,<1,19,3,4,2
2005-06-01,25,27,68,0,1,84,1,4,30,5,8,0,2,<1,<1,3,1,32,<1,1,7,24,0,1,24,1,<1,52,4,1,1,16,<1,1,<1,<1,21,3,4,6
2005-07-01,35,27,68,0,1,80,0,3,27,7,8,<1,1,<1,<1,2,<1,31,<1,1,8,23,0,1,12,2,<1,49,4,1,2,19,<1,<1,<1,<1,20,4,3,2
2005-08-01,37,36,75,0,1,81,<1,5,60,16,18,<1,2,<1,<1,3,1,33,<1,1,7,22,0,1,15,1,1,47,5,3,2,35,<1,1,<1,<1,19,4,7,3
2005-09-01,52,44,83,0,1,80,<1,6,52,12,14,<1,3,<1,<1,5,1,32,<1,2,8,24,0,1,35,2,<1,45,8,5,1,28,<1,1,<1,<1,20,2,2,5
2005-10-01,53,39,95,0,0,89,<1,4,32,6,9,<1,5,<1,<1,6,1,36,<1,2,7,24,0,<1,42,4,<1,44,13,6,2,18,<1,1,<1,<1,20,2,2,0
2005-11-01,44,34,57,0,<1,86,2,5,29,7,8,1,4,<1,1,6,1,36,<1,3,11,23,0,1,52,5,<1,42,15,3,1,16,<1,1,<1,<1,20,2,2,2
2005-12-01,41,24,53,0,1,76,1,3,19,5,5,0,2,<1,1,4,1,34,<1,1,9,19,0,1,42,4,<1,35,16,4,1,13,<1,1,<1,<1,19,2,3,2
2006-01-01,40,28,55,0,<1,82,<1,5,25,5,6,<1,3,<1,<1,4,1,32,<1,2,8,22,<1,1,53,3,1,42,12,3,1,14,<1,1,<1,<1,24,3,2,1
2006-02-01,52,29,54,0,1,80,<1,4,28,6,7,<1,3,<1,1,5,1,36,<1,2,6,22,0,1,67,3,1,43,11,3,1,14,<1,1,<1,<1,20,4,4,3
2006-03-01,47,25,53,<1,1,80,3,6,24,5,7,0,3,<1,1,4,1,33,<1,3,7,22,0,1,80,4,1,44,8,2,1,14,<1,1,<1,<1,20,1,1,2
2006-04-01,69,26,47,0,1,81,1,6,40,10,12,0,4,<1,1,4,1,34,<1,3,7,21,0,1,66,5,1,44,6,2,1,26,<1,1,<1,<1,19,2,2,5
2006-05-01,58,23,48,<1,0,82,1,5,33,9,10,<1,3,<1,1,3,1,36,<1,3,6,19,0,1,60,3,<1,46,6,2,2,20,<1,1,<1,<1,19,2,3,3
2006-06-01,40,23,49,0,1,79,2,3,25,5,8,0,2,<1,<1,2,1,33,<1,1,7,21,0,1,21,2,1,52,6,2,1,13,<1,1,<1,<1,20,2,3,2
2006-07-01,35,20,48,<1,1,77,2,5,29,7,10,0,1,<1,<1,3,1,33,<1,1,8,18,0,1,11,2,1,46,5,2,2,16,<1,<1,<1,<1,21,3,3,1
2006-08-01,36,22,48,0,1,79,1,4,28,8,8,<1,2,<1,<1,2,1,30,<1,1,7,19,0,1,12,1,1,46,5,2,2,19,<1,1,<1,<1,19,2,2,2
2006-09-01,39,25,47,<1,1,77,1,5,38,8,12,<1,3,<1,<1,3,1,32,<1,1,7,20,0,1,26,3,<1,43,6,4,1,23,<1,1,<1,<1,19,2,2,1
2006-10-01,38,33,47,0,1,75,1,4,32,6,10,<1,3,<1,<1,5,1,35,<1,2,7,21,0,1,35,3,1,42,10,4,1,18,<1,1,<1,<1,21,2,3,3
2006-11-01,41,22,44,0,<1,75,2,5,23,5,9,<1,4,<1,1,4,1,34,<1,2,7,20,<1,1,39,4,1,38,9,2,1,13,<1,1,<1,<1,20,1,2,2
2006-12-01,35,23,39,0,<1,73,2,4,17,3,4,0,2,<1,<1,4,1,35,<1,2,7,16,0,1,34,5,<1,35,11,2,1,7,<1,1,<1,<1,21,1,2,1
2007-01-01,42,22,47,0,<1,76,3,5,29,8,11,<1,3,<1,<1,4,1,35,<1,2,7,20,0,2,44,4,1,44,11,2,1,19,<1,1,<1,<1,25,3,2,3
2007-02-01,46,24,46,0,<1,75,8,5,23,6,8,<1,3,<1,<1,4,1,35,<1,2,7,20,0,1,52,6,1,41,11,2,1,12,<1,1,<1,<1,21,2,3,1
2007-03-01,49,27,48,0,<1,72,8,5,19,4,6,<1,3,<1,<1,4,1,33,<1,2,5,23,<1,3,58,6,<1,46,5,2,1,11,<1,1,<1,<1,20,1,2,1
2007-04-01,56,21,46,0,1,70,9,6,22,4,7,0,4,<1,<1,4,1,36,<1,2,6,21,0,6,53,9,1,43,5,1,1,11,<1,1,<1,<1,21,1,3,3
2007-05-01,54,21,44,0,1,71,9,7,23,5,7,<1,4,<1,1,3,1,37,<1,3,5,19,<1,6,48,7,1,39,4,1,1,14,<1,1,<1,<1,20,2,1,1
2007-06-01,43,23,48,0,1,77,7,6,15,2,4,<1,1,<1,<1,3,1,36,<1,1,6,18,<1,3,15,3,<1,49,4,1,1,9,<1,<1,<1,<1,20,1,1,2
2007-07-01,36,24,48,0,1,78,8,7,16,3,5,<1,1,<1,<1,2,1,35,<1,1,7,19,0,5,10,2,1,44,4,2,2,10,<1,1,<1,<1,23,1,2,1
2007-08-01,33,37,52,0,<1,77,7,6,16,3,5,<1,1,<1,<1,2,1,35,<1,1,7,20,0,4,13,2,<1,43,4,1,1,10,<1,1,<1,<1,21,2,1,1
2007-09-01,33,27,49,0,<1,74,7,6,17,4,4,<1,3,<1,1,3,1,38,<1,1,7,20,<1,6,26,3,<1,51,5,2,1,12,<1,2,<1,<1,20,1,2,2
2007-10-01,47,26,50,0,<1,78,9,6,25,5,8,<1,3,<1,<1,5,1,37,<1,2,6,21,<1,6,34,4,<1,41,7,2,1,17,<1,2,<1,<1,22,1,2,2
2007-11-01,60,32,48,<1,1,71,10,7,34,10,10,0,4,<1,1,5,1,41,<1,3,7,19,0,12,42,6,<1,40,10,2,1,29,<1,2,<1,<1,22,3,3,3
2007-12-01,44,25,42,0,<1,67,7,7,21,4,6,<1,2,<1,1,4,1,41,<1,2,7,15,0,6,31,5,<1,39,11,1,1,15,<1,2,<1,<1,24,1,2,2
2008-01-01,47,40,54,0,1,73,7,7,23,6,7,<1,3,<1,<1,4,1,40,<1,2,7,20,<1,10,41,5,<1,85,10,2,1,19,<1,10,<1,<1,30,2,2,3
2008-02-01,54,34,53,0,<1,75,9,7,22,6,6,<1,4,<1,1,4,1,40,<1,2,7,19,0,9,48,6,1,69,6,2,1,16,<1,5,<1,<1,26,1,2,1
2008-03-01,54,37,52,0,1,71,9,6,35,8,12,<1,3,<1,1,4,2,40,<1,2,7,19,<1,11,60,5,1,70,5,2,1,27,<1,6,<1,<1,25,2,2,1
2008-04-01,69,57,61,0,<1,72,15,10,38,11,12,<1,4,<1,1,4,1,43,<1,3,8,19,0,23,62,8,1,52,4,2,1,32,<1,5,<1,<1,26,3,3,1
2008-05-01,75,49,61,0,1,77,14,7,57,17,15,<1,3,<1,1,4,1,44,<1,2,7,17,<1,15,46,5,1,42,4,3,1,51,<1,3,<1,<1,24,3,3,1
2008-06-01,58,37,56,0,1,78,10,7,71,22,21,<1,1,<1,<1,4,2,41,<1,2,8,17,<1,13,19,3,1,44,4,3,6,59,<1,2,<1,<1,30,2,3,2
2008-07-01,61,49,62,0,1,77,9,9,93,33,30,<1,1,<1,<1,3,1,43,<1,1,8,17,<1,12,15,2,1,41,4,4,7,82,<1,3,<1,<1,33,2,5,2
2008-08-01,46,38,59,0,1,75,7,8,82,31,26,<1,1,<1,<1,3,1,38,<1,1,8,16,0,10,13,2,1,31,5,3,7,73,<1,3,<1,<1,31,2,2,3
2008-09-01,75,92,74,<1,1,73,8,9,86,45,24,<1,3,<1,1,4,1,40,1,1,7,20,0,12,69,4,1,49,6,3,8,87,<1,6,<1,<1,36,2,3,2
2008-10-01,100,78,75,<1,1,78,11,12,100,53,30,<1,6,1,1,5,2,44,1,2,10,23,<1,13,86,5,<1,56,8,4,7,100,1,9,<1,<1,40,1,3,5
2008-11-01,76,100,80,<1,1,74,20,9,72,30,25,<1,4,1,1,5,1,43,1,2,8,18,<1,15,67,6,1,39,11,2,4,68,1,7,<1,<1,51,3,2,3
2008-12-01,70,80,80,<1,1,77,13,7,71,34,23,<1,3,1,1,4,1,46,<1,2,9,17,0,11,52,4,1,73,12,4,3,68,1,9,<1,<1,60,2,5,5
2009-01-01,56,80,88,0,1,77,10,8,62,25,19,<1,3,1,1,4,1,45,<1,2,10,21,<1,12,59,4,<1,70,12,3,2,53,<1,6,<1,<1,73,3,5,3
2009-02-01,69,91,91,<1,1,78,10,9,43,18,13,<1,4,1,1,5,1,45,<1,2,9,21,0,13,79,4,1,61,8,2,2,36,1,8,<1,<1,73,3,4,3
2009-03-01,64,81,86,<1,1,80,13,10,36,15,9,<1,4,1,1,6,2,44,<1,2,13,19,0,14,83,5,1,58,5,3,2,29,1,8,<1,<1,72,2,4,3
2009-04-01,57,67,88,<1,<1,69,16,9,28,10,7,<1,4,1,1,5,2,44,<1,3,8,18,<1,22,67,7,<1,48,4,2,2,22,<1,6,<1,<1,65,1,1,2
2009-05-01,49,62,91,0,<1,74,9,10,28,12,6,<1,3,<1,1,4,2,46,<1,2,8,17,<1,15,49,5,1,42,4,3,2,24,<1,5,<1,<1,62,1,2,2
2009-06-01,37,62,100,0,<1,73,7,15,27,13,6,<1,2,<1,<1,4,3,44,<1,1,8,17,0,11,23,4,1,55,4,3,1,27,<1,4,<1,<1,67,3,2,3
2009-07-01,29,56,90,<1,1,67,7,14,26,13,5,0,1,<1,<1,3,2,46,<1,1,8,17,<1,9,15,2,<1,42,3,2,2,24,<1,4,<1,<1,68,3,3,3
2009-08-01,23,45,80,0,1,73,6,9,22,9,4,<1,1,<1,<1,3,1,48,<1,1,8,18,0,9,14,2,<1,38,4,3,1,19,<1,3,<1,<1,68,4,1,1
2009-09-01,36,48,79,0,<1,73,7,9,23,9,5,<1,2,<1,1,4,2,47,<1,1,9,18,<1,11,28,4,1,34,5,4,2,19,<1,4,<1,<1,65,2,2,1
2009-10-01,40,41,78,0,1,71,8,9,22,10,4,<1,4,<1,1,5,2,47,<1,2,9,18,<1,12,38,5,1,36,8,3,2,19,<1,4,<1,<1,70,3,3,2
2009-11-01,40,48,74,0,<1,70,10,10,18,7,3,<1,4,<1,1,4,2,50,<1,2,9,16,0,13,41,5,1,33,7,2,2,15,<1,4,<1,<1,77,2,2,2
2009-12-01,34,38,69,0,<1,71,9,8,17,6,3,<1,3,<1,1,4,1,54,<1,2,9,16,<1,11,32,6,<1,31,11,2,1,15,<1,3,<1,<1,71,2,3,2
2010-01-01,32,42,77,0,<1,73,7,9,18,6,3,<1,3,<1,1,4,1,50,<1,1,9,18,<1,9,40,4,1,33,13,2,1,16,<1,3,<1,<1,78,3,1,2
2010-02-01,35,40,76,<1,<1,68,7,9,17,7,3,<1,3,<1,1,4,1,49,<1,2,9,19,<1,9,47,5,<1,35,10,2,2,13,<1,3,<1,<1,70,2,2,2
2010-03-01,35,45,77,0,<1,68,7,11,16,6,2,<1,4,1,1,5,2,48,<1,2,9,18,0,12,57,5,<1,35,5,2,3,13,<1,3,<1,<1,76,2,1,1
2010-04-01,40,38,73,0,<1,65,12,10,19,7,3,<1,3,<1,1,4,2,50,<1,2,8,17,<1,15,54,5,1,36,4,2,5,15,<1,3,<1,<1,70,3,2,1
2010-05-01,39,33,68,0,1,69,7,10,29,8,4,<1,3,<1,1,4,1,51,<1,2,9,20,<1,9,44,4,1,31,4,2,9,20,<1,2,<1,<1,63,2,2,2
2010-06-01,30,50,78,0,<1,75,5,9,24,7,2,<1,2,<1,<1,3,1,47,<1,1,9,17,0,7,18,3,1,32,4,2,8,17,<1,2,<1,<1,82,3,2,2
2010-07-01,19,36,66,0,<1,66,2,7,15,4,2,<1,1,<1,<1,2,1,49,<1,1,9,15,0,5,11,2,<1,31,4,1,3,12,<1,2,<1,<1,100,1,2,1
2010-08-01,18,36,66,0,<1,67,4,7,13,5,3,<1,1,<1,<1,2,1,48,<1,1,9,16,<1,5,13,1,1,33,3,1,2,11,<1,2,<1,<1,64,2,1,1
2010-09-01,27,30,62,0,<1,69,5,8,14,4,2,<1,3,<1,<1,3,1,48,<1,1,9,17,<1,8,22,3,1,29,4,1,3,10,<1,3,<1,<1,56,1,2,1
2010-10-01,27,30,59,0,<1,65,5,8,14,4,3,<1,3,<1,1,4,1,50,<1,1,8,16,<1,8,28,3,<1,32,7,2,3,12,<1,2,<1,<1,55,2,1,1
2010-11-01,30,35,57,0,<1,98,6,8,14,4,3,<1,3,<1,1,4,1,52,<1,2,8,15,<1,8,33,4,1,33,8,1,3,12,<1,2,<1,<1,59,2,2,1
2010-12-01,25,30,52,0,<1,66,4,6,14,4,4,<1,2,<1,<1,3,1,55,<1,1,9,14,0,6,29,3,<1,30,13,1,2,12,<1,2,<1,<1,74,2,1,1
2011-01-01,30,44,68,<1,1,81,4,9,18,5,5,<1,3,<1,<1,4,1,59,<1,1,11,18,<1,7,35,3,1,33,13,1,2,16,<1,2,<1,<1,79,2,2,2
2011-02-01,28,44,71,<1,5,79,5,8,32,9,11,<1,3,<1,1,4,1,59,<1,2,10,17,<1,8,42,4,1,32,10,2,2,25,<1,2,<1,<1,65,4,9,5
2011-03-01,34,35,63,<1,3,69,6,10,33,9,12,<1,3,<1,1,4,1,57,<1,2,9,17,<1,8,50,5,1,30,5,2,3,27,<1,2,<1,<1,57,3,7,3
2011-04-01,35,35,62,<1,2,73,7,9,27,7,10,<1,4,<1,1,4,1,59,<1,2,11,19,<1,9,46,5,1,30,4,2,2,23,<1,2,<1,<1,58,3,5,4
2011-05-01,29,32,58,<1,2,66,6,8,34,10,15,<1,3,<1,1,4,1,58,<1,2,12,19,<1,7,41,5,<1,27,4,1,2,28,<1,2,<1,<1,57,2,4,3
2011-06-01,20,41,65,<1,2,68,4,7,23,6,9,<1,2,<1,<1,2,1,56,<1,1,13,19,0,5,23,2,<1,28,4,1,1,17,<1,2,<1,<1,59,2,4,3
2011-07-01,16,36,60,0,1,70,3,7,17,4,7,<1,1,<1,<1,2,1,62,<1,1,12,19,0,5,14,1,<1,29,5,1,1,13,<1,2,<1,<1,61,1,2,3
2011-08-01,14,31,60,<1,2,74,3,7,29,8,12,<1,2,<1,<1,2,1,58,<1,1,11,18,0,4,19,2,1,38,5,1,1,21,<1,3,<1,<1,59,2,6,4
2011-09-01,20,38,59,<1,2,73,5,7,19,4,7,<1,3,<1,1,3,1,56,<1,1,11,18,<1,6,26,3,1,30,6,1,1,15,<1,3,<1,<1,57,1,3,2
2011-10-01,23,35,60,<1,1,74,4,6,18,4,7,<1,3,<1,1,4,1,59,<1,2,11,19,<1,6,30,4,1,31,8,1,2,15,<1,3,<1,<1,59,1,4,4
2011-11-01,24,37,58,<1,1,64,5,7,16,3,5,<1,3,<1,1,4,1,63,<1,2,12,16,<1,6,33,4,1,27,9,1,2,13,<1,2,<1,<1,56,1,4,2
2011-12-01,19,32,52,<1,1,67,4,5,14,3,4,<1,2,<1,1,3,1,67,<1,1,10,13,<1,4,29,4,1,24,10,1,1,11,<1,2,<1,<1,60,2,2,2
2012-01-01,22,38,64,<1,1,74,4,7,14,3,4,<1,2,<1,1,3,1,64,<1,1,11,17,<1,5,34,3,<1,30,9,2,1,13,<1,2,<1,<1,71,1,2,2
2012-02-01,26,36,59,<1,2,62,5,7,20,5,7,<1,3,<1,1,4,1,65,<1,2,10,16,<1,6,44,4,1,31,6,2,2,16,<1,2,<1,<1,59,2,5,4
2012-03-01,27,30,54,<1,2,66,4,8,19,4,6,<1,3,<1,1,4,1,63,<1,2,10,15,<1,6,48,4,1,31,5,2,2,16,<1,2,<1,<1,53,2,4,4
2012-04-01,26,35,56,0,1,65,6,8,17,3,5,<1,4,<1,1,3,1,64,<1,2,10,17,<1,7,43,5,<1,31,4,2,2,12,<1,2,<1,<1,54,2,4,2
2012-05-01,23,36,55,<1,1,64,5,6,18,4,7,<1,3,<1,1,3,1,66,<1,2,11,21,<1,5,40,4,1,29,4,2,2,14,<1,2,<1,<1,52,2,3,4
2012-06-01,13,32,56,<1,1,63,3,6,20,6,9,<1,1,<1,<1,2,1,64,<1,1,10,16,<1,4,16,2,1,30,4,2,1,17,<1,1,<1,<1,52,2,7,5
2012-07-01,12,38,57,<1,1,69,3,6,16,4,6,<1,1,<1,<1,1,1,64,<1,1,9,16,<1,4,11,1,<1,30,4,2,1,13,<1,1,<1,<1,57,2,3,4
2012-08-01,13,32,53,<1,1,70,3,7,15,3,5,<1,1,<1,<1,2,1,62,<1,1,9,16,<1,3,11,1,1,27,4,2,1,11,<1,1,<1,<1,50,1,4,3
2012-09-01,15,35,50,0,1,71,4,7,15,3,5,<1,3,<1,1,3,1,64,<1,1,9,15,<1,5,22,3,1,30,5,2,2,13,<1,2,<1,<1,52,1,2,2
2012-10-01,20,48,51,0,1,62,4,7,17,3,5,<1,4,<1,1,4,1,60,<1,2,10,14,<1,5,29,4,1,28,8,2,2,13,<1,2,<1,<1,54,1,3,3
2012-11-01,24,52,48,<1,1,62,4,7,13,3,5,<1,4,<1,1,4,1,62,<1,2,10,14,<1,5,32,4,<1,25,13,2,2,12,<1,2,<1,<1,54,1,3,3
2012-12-01,19,31,41,0,1,97,3,5,11,2,4,<1,2,<1,<1,3,1,67,<1,2,10,13,<1,4,28,4,<1,22,10,1,1,9,<1,1,<1,<1,55,1,2,2
2013-01-01,17,31,49,<1,1,100,4,6,13,2,3,<1,2,<1,<1,4,1,66,<1,2,9,16,<1,4,32,3,1,27,10,1,1,10,<1,1,<1,<1,61,1,3,3
2013-02-01,21,30,46,<1,1,65,4,7,13,3,4,<1,3,1,1,4,1,67,<1,2,9,14,<1,4,42,4,1,29,8,1,1,11,<1,2,<1,<1,47,1,4,3
2013-03-01,16,36,43,0,1,69,4,7,12,2,3,<1,3,<1,1,4,1,66,<1,2,9,15,<1,4,41,4,1,29,6,2,1,9,<1,1,<1,<1,44,1,3,2
2013-04-01,21,49,40,<1,1,70,6,6,15,3,4,<1,3,<1,1,4,1,67,<1,2,8,16,<1,5,46,5,<1,31,5,2,2,11,<1,2,<1,<1,45,1,4,3
2013-05-01,19,41,38,<1,<1,65,4,6,12,2,4,<1,3,<1,1,4,1,67,<1,2,8,15,0,4,37,4,<1,32,4,1,1,9,<1,1,<1,<1,42,1,2,3
2013-06-01,10,36,37,<1,<1,68,2,5,10,2,3,<1,1,<1,<1,2,1,66,<1,1,8,14,<1,3,13,2,1,46,4,1,1,8,<1,1,<1,<1,43,1,3,2
2013-07-01,9,66,45,<1,1,68,2,5,13,2,4,<1,1,<1,<1,1,1,68,<1,1,8,14,<1,3,9,1,<1,44,4,1,1,10,<1,1,<1,<1,46,1,5,4
2013-08-01,10,48,36,0,1,67,2,5,11,2,3,<1,1,<1,<1,1,1,66,<1,1,8,15,<1,3,10,1,1,32,4,1,1,9,<1,1,<1,<1,41,1,4,4
2013-09-01,15,40,34,<1,<1,76,4,5,11,2,3,<1,3,<1,1,3,1,67,<1,1,9,13,<1,4,19,3,1,33,5,1,1,10,<1,1,<1,<1,43,1,3,3
2013-10-01,18,36,36,<1,1,67,5,7,12,2,3,<1,3,<1,1,5,1,66,<1,2,8,13,0,4,26,4,<1,31,7,1,1,10,<1,1,<1,<1,46,1,4,4
2013-11-01,19,26,34,<1,<1,62,4,5,12,2,3,<1,3,<1,1,4,1,70,<1,2,9,13,<1,4,29,4,1,26,11,1,1,11,<1,1,<1,<1,42,1,4,3
2013-12-01,15,24,31,<1,1,59,3,4,10,2,2,<1,2,<1,1,4,1,73,<1,2,9,12,<1,3,29,4,1,24,13,1,1,9,<1,1,<1,<1,52,1,3,3
2014-01-01,17,25,36,<1,<1,75,3,6,11,2,3,<1,2,<1,1,4,1,73,<1,1,9,15,<1,3,32,3,<1,26,18,2,1,10,<1,1,<1,<1,69,1,3,3
2014-02-01,18,28,36,<1,1,60,4,6,13,2,2,<1,3,<1,1,4,1,69,<1,2,8,14,0,4,42,4,<1,27,13,2,1,10,<1,1,<1,<1,55,1,4,3
2014-03-01,18,26,35,0,1,65,4,6,12,2,2,<1,3,<1,1,4,1,70,<1,2,8,14,<1,4,48,4,1,28,7,2,1,10,<1,1,<1,<1,52,<1,3,3
2014-04-01,21,25,36,<1,<1,68,6,6,12,2,2,<1,3,<1,1,4,1,71,<1,3,8,13,<1,4,46,6,1,28,4,2,2,9,<1,2,<1,<1,52,<1,2,2
2014-05-01,17,23,35,<1,<1,69,4,6,11,2,2,<1,3,<1,1,4,1,71,<1,2,7,12,<1,3,37,5,1,26,4,1,2,8,<1,1,<1,<1,45,1,2,3
2014-06-01,10,21,35,<1,1,65,2,5,12,2,3,<1,1,<1,<1,2,1,68,<1,1,7,13,<1,3,15,3,1,24,4,1,1,10,<1,1,<1,<1,38,1,3,3
2014-07-01,8,23,36,<1,1,66,2,5,10,2,2,<1,1,<1,<1,1,1,70,<1,1,7,14,<1,3,9,1,1,24,4,1,1,9,<1,1,<1,<1,36,1,3,3
2014-08-01,7,21,33,<1,1,68,2,5,10,2,2,<1,1,<1,<1,2,1,69,<1,1,7,14,<1,3,11,1,1,23,4,1,1,10,<1,1,<1,<1,30,1,3,3
2014-09-01,14,22,33,<1,1,66,4,6,12,2,3,<1,3,<1,1,3,1,68,<1,2,8,14,0,4,22,3,1,24,6,1,1,11,<1,1,<1,<1,29,1,5,4
2014-10-01,16,22,35,<1,2,72,4,6,24,8,9,<1,3,<1,1,5,1,69,<1,2,7,17,<1,3,27,5,<1,26,7,2,1,23,<1,1,<1,<1,29,3,13,17
2014-11-01,19,24,31,<1,2,73,4,6,29,9,11,<1,3,<1,1,5,1,73,<1,2,8,29,<1,4,30,4,<1,23,15,2,1,28,<1,2,<1,<1,29,3,15,18
2014-12-01,16,23,30,<1,6,69,3,5,57,21,23,<1,2,<1,1,4,1,76,<1,2,8,15,<1,3,31,4,<1,24,10,2,1,57,<1,1,<1,<1,32,7,39,48
2015-01-01,16,25,34,<1,6,75,3,5,65,25,28,<1,2,<1,1,4,1,76,<1,2,8,16,<1,4,37,4,<1,29,14,2,1,66,<1,1,<1,<1,37,9,45,58
2015-02-01,18,25,34,<1,5,69,4,6,61,21,25,<1,3,<1,1,5,1,73,<1,2,7,14,<1,3,44,5,<1,31,15,2,1,53,<1,1,<1,<1,32,9,40,52
2015-03-01,16,23,34,<1,4,69,4,6,47,15,19,<1,3,<1,1,5,1,74,<1,2,7,21,<1,3,51,5,1,34,6,1,1,38,<1,1,<1,<1,31,6,32,37
2015-04-01,21,23,32,<1,2,64,6,7,37,12,15,<1,3,<1,1,5,1,76,<1,3,7,18,<1,4,48,7,1,32,4,2,1,33,<1,2,<1,<1,28,5,25,38
2015-05-01,17,22,31,<1,2,62,4,6,31,11,13,<1,3,<1,1,4,1,76,<1,2,7,14,<1,4,41,6,<1,30,4,1,1,27,<1,1,<1,<1,26,4,20,27
2015-06-01,9,26,37,0,1,64,3,6,25,7,9,<1,1,<1,<1,2,1,73,<1,1,7,14,<1,3,16,3,<1,31,4,1,1,23,<1,1,<1,<1,29,3,17,20
2015-07-01,7,69,45,<1,2,66,2,5,36,12,14,<1,1,<1,<1,1,1,75,<1,1,7,16,<1,3,10,1,<1,30,4,1,1,30,<1,1,<1,<1,29,5,25,36
2015-08-01,8,32,37,<1,3,65,2,7,50,19,21,<1,1,<1,<1,1,1,74,<1,1,7,16,<1,3,12,1,<1,31,4,1,1,50,<1,1,<1,<1,27,7,44,64
2015-09-01,13,31,36,<1,2,69,4,6,38,13,15,<1,3,<1,<1,3,1,74,<1,2,7,15,<1,4,21,4,<1,37,5,2,1,37,<1,2,<1,<1,26,5,31,43
2015-10-01,15,26,34,<1,1,66,4,6,31,9,11,<1,3,<1,1,5,1,73,<1,2,7,16,<1,3,29,5,1,29,8,1,1,29,<1,2,<1,<1,25,4,22,33
2015-11-01,17,24,30,<1,1,58,4,6,29,9,11,<1,3,<1,1,5,1,77,<1,2,8,17,<1,4,33,5,<1,29,10,2,1,26,<1,2,<1,<1,27,3,20,31
2015-12-01,16,25,30,<1,3,69,4,6,41,14,16,<1,2,<1,1,5,1,81,<1,2,7,20,<1,3,34,5,<1,39,9,2,1,40,<1,1,<1,<1,28,6,34,54
2016-01-01,14,30,37,<1,5,72,3,6,67,24,27,<1,2,<1,1,4,1,85,<1,2,7,20,<1,3,36,4,<1,29,17,2,1,69,<1,2,<1,<1,34,9,66,100
2016-02-01,14,39,41,<1,3,64,4,7,60,24,18,<1,3,1,1,5,1,80,<1,2,7,19,<1,3,48,5,<1,40,9,2,1,60,<1,2,<1,<1,31,7,59,89
2016-03-01,15,33,40,<1,3,77,4,6,50,21,16,<1,2,<1,1,5,1,78,<1,2,6,14,<1,3,49,5,<1,30,5,1,1,51,<1,2,<1,<1,27,6,50,77
2016-04-01,18,33,41,<1,2,67,5,7,43,15,16,<1,4,1,1,5,1,78,<1,3,7,13,<1,4,46,7,<1,31,5,1,1,41,<1,2,<1,<1,26,5,37,59
2016-05-01,16,30,38,<1,2,64,4,6,38,13,14,<1,3,<1,1,4,1,79,<1,3,7,17,<1,3,36,6,<1,30,4,1,1,38,<1,2,<1,<1,25,4,33,51
2016-06-01,8,27,38,<1,2,70,2,6,35,13,14,<1,1,<1,<1,2,1,76,<1,1,6,17,<1,3,13,3,<1,30,4,1,1,35,<1,1,<1,<1,25,5,28,46
2016-07-01,5,25,37,<1,1,64,2,5,28,10,11,<1,1,<1,<1,1,1,74,<1,1,7,16,<1,3,8,1,<1,28,4,1,1,28,<1,1,<1,<1,25,3,23,34
2016-08-01,6,23,36,<1,1,61,2,5,31,11,10,<1,1,<1,<1,1,1,71,<1,1,6,13,<1,2,10,1,<1,26,4,1,1,31,<1,1,<1,<1,24,4,28,42
2016-09-01,9,28,37,<1,1,63,3,6,28,10,8,<1,3,<1,<1,3,1,73,<1,1,6,14,<1,3,19,4,<1,29,5,1,1,28,<1,1,<1,<1,22,3,19,34
2016-10-01,11,25,34,<1,1,63,4,6,26,9,8,<1,3,<1,1,4,1,75,<1,2,6,13,<1,3,25,4,<1,28,7,1,1,28,<1,2,<1,<1,24,2,17,28
2016-11-01,15,29,33,<1,1,58,5,7,29,9,10,<1,3,<1,1,5,1,77,<1,3,7,13,<1,3,36,6,<1,37,9,1,1,28,<1,2,<1,<1,24,2,16,28
2016-12-01,12,22,30,0,1,60,4,6,28,10,9,<1,2,<1,<1,4,1,85,<1,2,6,13,<1,3,29,5,<1,38,15,2,1,29,<1,1,<1,<1,26,3,18,35
2017-01-01,14,23,35,<1,1,72,3,7,23,7,6,<1,3,<1,1,5,1,86,<1,2,7,13,<1,4,36,5,<1,33,12,2,1,24,<1,1,<1,<1,34,2,12,24
2017-02-01,15,27,36,<1,1,72,4,7,20,5,6,<1,3,1,1,5,1,86,<1,3,6,14,<1,3,45,5,<1,33,7,1,1,21,<1,2,<1,<1,27,1,10,17
2017-03-01,16,26,38,<1,1,63,4,7,23,7,7,<1,3,1,1,5,1,85,<1,3,6,15,<1,3,50,6,<1,41,7,1,1,22,<1,2,<1,<1,24,1,11,24
2017-04-01,16,25,38,<1,1,63,5,7,21,6,6,<1,3,1,1,4,1,86,<1,3,7,14,<1,4,42,7,<1,34,4,1,1,21,<1,2,<1,<1,23,1,12,20
2017-05-01,15,28,39,<1,1,60,5,6,21,6,6,<1,3,<1,1,4,1,90,<1,2,6,13,<1,3,37,7,<1,31,4,1,1,21,<1,1,<1,<1,23,2,11,23
2017-06-01,8,25,37,<1,1,65,4,7,21,7,7,<1,1,<1,<1,2,1,84,<1,1,6,13,<1,3,13,4,<1,31,4,1,1,22,<1,1,<1,<1,23,2,13,27
2017-07-01,6,29,35,<1,1,65,2,5,18,6,6,<1,1,<1,<1,1,1,87,<1,1,6,14,<1,3,8,1,<1,28,4,1,1,20,<1,1,<1,<1,24,1,12,23
2017-08-01,7,22,34,<1,1,64,3,5,19,5,6,<1,1,<1,<1,1,1,85,<1,1,6,15,<1,3,10,1,<1,26,4,1,1,19,<1,1,<1,<1,22,1,12,21
2017-09-01,8,30,37,<1,1,61,4,5,17,5,5,<1,2,<1,<1,3,1,80,<1,2,6,13,<1,3,17,4,<1,28,5,1,1,18,<1,1,<1,<1,21,2,9,18
2017-10-01,12,25,34,<1,1,62,4,6,16,5,4,<1,3,1,1,5,1,82,<1,2,6,14,<1,3,25,5,<1,30,8,1,1,18,<1,1,<1,<1,22,1,10,16
2017-11-01,12,24,31,<1,1,63,4,6,18,7,4,<1,3,<1,1,5,1,90,<1,2,7,12,<1,3,32,6,<1,28,11,1,1,21,<1,1,<1,<1,22,2,13,21
2017-12-01,11,24,29,0,1,58,4,5,14,5,4,<1,2,<1,<1,4,1,93,<1,2,6,11,<1,3,31,5,<1,28,18,2,1,19,<1,1,<1,<1,26,1,9,14
2018-01-01,11,24,33,<1,1,63,3,6,18,7,5,<1,2,<1,<1,4,1,90,<1,2,6,16,<1,3,38,5,1,29,22,2,2,23,<1,1,<1,<1,34,2,13,24
2018-02-01,13,29,35,<1,1,63,4,6,18,6,5,<1,3,1,1,5,1,87,<1,2,6,16,<1,3,45,5,<1,43,8,2,1,21,<1,2,<1,<1,27,1,10,19
2018-03-01,13,31,38,<1,1,65,4,6,15,4,4,<1,2,1,1,5,1,87,<1,2,6,13,<1,3,48,6,<1,37,7,1,1,17,<1,2,<1,<1,22,1,7,13
2018-04-01,15,30,35,0,1,62,6,6,18,6,5,<1,3,1,1,5,1,87,<1,3,6,13,<1,4,45,8,<1,37,5,1,1,20,<1,2,<1,<1,23,2,10,17
2018-05-01,14,25,34,<1,2,61,5,6,23,8,7,<1,3,1,1,4,1,89,<1,2,6,13,<1,3,37,8,<1,35,4,1,1,25,<1,2,<1,<1,21,2,13,26
2018-06-01,6,25,32,<1,1,59,3,5,17,6,5,<1,1,<1,<1,2,1,85,<1,1,6,13,<1,3,13,3,<1,36,4,1,1,20,<1,2,<1,<1,22,2,11,18
2018-07-01,5,24,32,<1,1,65,2,5,15,5,5,<1,1,<1,<1,1,1,90,<1,1,6,15,<1,3,9,1,<1,33,4,1,1,20,<1,2,<1,<1,23,2,13,19
2018-08-01,5,27,34,<1,1,68,2,5,16,5,4,<1,1,<1,<1,1,1,86,<1,1,5,14,<1,3,11,1,<1,31,4,1,1,18,<1,1,<1,<1,21,2,10,16
2018-09-01,7,23,30,<1,1,72,4,6,15,4,4,<1,2,<1,<1,3,1,85,<1,2,6,14,<1,3,19,4,<1,33,6,1,1,17,<1,2,<1,<1,20,1,8,13
2018-10-01,10,27,40,<1,1,65,5,6,17,5,5,<1,3,<1,<1,5,1,87,<1,2,6,15,<1,3,26,6,<1,40,10,1,1,20,<1,2,<1,<1,22,2,11,17
2018-11-01,10,23,31,<1,2,71,5,5,23,8,7,<1,2,1,<1,5,1,90,<1,2,6,14,<1,3,32,6,<1,33,17,2,2,25,<1,2,<1,<1,23,3,17,27
2018-12-01,8,25,30,0,1,63,4,5,24,8,8,<1,2,<1,<1,4,1,96,<1,2,7,12,<1,3,34,6,<1,39,15,2,1,26,<1,3,<1,<1,25,3,23,30
2019-01-01,8,28,38,<1,1,70,4,5,19,6,6,<1,2,<1,1,4,1,96,<1,2,6,16,<1,3,40,5,<1,36,18,2,1,22,<1,2,<1,<1,32,3,17,26
2019-02-01,10,25,36,<1,1,59,6,6,17,5,4,<1,3,1,1,5,1,93,<1,3,5,13,<1,3,46,6,<1,35,12,1,1,18,<1,2,<1,<1,26,1,12,17
2019-03-01,9,27,34,<1,1,63,5,6,15,4,4,<1,2,1,1,5,1,95,<1,3,5,13,<1,4,50,7,<1,38,7,1,1,17,<1,3,<1,<1,22,1,10,18
2019-04-01,13,25,34,<1,1,67,8,7,18,5,4,<1,3,1,1,4,1,93,<1,3,5,12,<1,3,46,8,<1,39,5,1,1,19,<1,2,<1,<1,22,2,11,18
2019-05-01,13,23,32,<1,1,62,7,7,16,4,4,<1,3,1,1,4,1,94,<1,3,5,15,<1,3,37,8,<1,33,4,1,1,17,<1,2,<1,<1,20,1,11,17
2019-06-01,6,22,32,<1,1,65,4,6,16,6,5,<1,1,<1,<1,1,1,92,<1,1,5,13,<1,3,13,3,<1,41,4,1,1,20,<1,2,<1,<1,21,3,14,19
2019-07-01,5,22,33,<1,1,66,3,6,13,4,4,<1,1,<1,<1,1,1,91,<1,1,5,14,<1,3,9,2,<1,45,4,1,1,16,<1,2,<1,<1,23,1,10,16
2019-08-01,6,24,36,<1,1,66,5,5,14,4,4,<1,1,<1,<1,1,1,89,<1,1,5,13,0,3,11,2,<1,49,4,1,1,17,<1,8,<1,<1,20,2,9,18
2019-09-01,8,33,35,<1,2,67,8,6,22,7,7,<1,3,1,<1,3,1,88,<1,2,5,14,<1,3,19,5,<1,47,5,1,1,24,<1,4,<1,<1,20,2,14,21
2019-10-01,9,26,34,<1,1,71,7,6,15,4,3,<1,3,<1,<1,5,1,89,<1,3,6,13,<1,3,27,6,<1,40,9,1,1,17,<1,3,<1,<1,21,1,8,13
2019-11-01,8,25,31,0,<1,63,7,6,12,3,3,<1,2,<1,<1,4,1,93,<1,3,6,13,<1,3,31,6,<1,34,16,2,1,16,<1,2,<1,<1,22,1,6,11
2019-12-01,7,25,29,0,1,62,6,5,11,3,3,<1,2,<1,<1,4,1,99,<1,2,5,12,<1,3,31,5,<1,29,12,2,1,14,<1,2,<1,<1,25,1,8,12
2020-01-01,9,28,35,<1,1,66,8,6,17,6,5,<1,2,<1,<1,4,1,100,<1,2,6,13,<1,4,37,5,<1,34,11,2,1,20,<1,2,<1,<1,29,2,12,19
2020-02-01,9,30,38,<1,1,75,7,7,18,5,5,<1,3,1,1,5,1,99,<1,3,6,13,<1,3,43,6,<1,40,9,2,1,19,<1,3,<1,<1,25,1,12,18
