Date,U.S. Ending Stocks of Crude Oil and Petroleum Products (Thousand Barrels),U.S. Ending Stocks of Crude Oil (Thousand Barrels),U.S. Ending Stocks of Total Petroleum Products (Thousand Barrels),U.S. Ending Stocks of Hydrocarbon Gas Liquids (Thousand Barrels),U.S. Ending Stocks of Natural Gas Liquids (Thousand Barrels),U.S. Ending Stocks of Residual Fuel Oil (Thousand Barrels)
1936-01-01,,,,,,83083
1936-02-01,,,,,,81563
1936-03-01,,,,,,80870
1936-04-01,,,,,,80725
1936-05-01,,,,,,82085
1936-06-01,,,,,,82223
1936-07-01,,,,,,83907
1936-08-01,,,,,,85204
1936-09-01,,,,,,84752
1936-10-01,,,,,,85291
1936-11-01,,,,,,85119
1936-12-01,,,,,,84236
1937-01-01,,,,,,83406
1937-02-01,,,,,,80571
1937-03-01,,,,,,78435
1937-04-01,,,,,,77318
1937-05-01,,,,,,79158
1937-06-01,,,,,,81224
1937-07-01,,,,,,84154
1937-08-01,,,,,,86420
1937-09-01,,,,,,89007
1937-10-01,,,,,,92182
1937-11-01,,,,,,93225
1937-12-01,,,,,,95019
1938-01-01,,,,,,83902
1938-02-01,,,,,,85753
1938-03-01,,,,,,86920
1938-04-01,,,,,,90393
1938-05-01,,,,,,93753
1938-06-01,,,,,,95690
1938-07-01,,,,,,99363
1938-08-01,,,,,,100431
1938-09-01,,,,,,102831
1938-10-01,,,,,,103423
1938-11-01,,,,,,101569
1938-12-01,,,,,,97746
1939-01-01,,,,,,99711
1939-02-01,,,,,,96285
1939-03-01,,,,,,93167
1939-04-01,,,,,,94138
1939-05-01,,,,,,96744
1939-06-01,,,,,,98405
1939-07-01,,,,,,101164
1939-08-01,,,,,,101361
1939-09-01,,,,,,100063
1939-10-01,,,,,,99921
1939-11-01,,,,,,96696
1939-12-01,,,,,,92290
1940-01-01,,,,,,89281
1940-02-01,,,,,,89784
1940-03-01,,,,,,89351
1940-04-01,,,,,,88932
1940-05-01,,,,,,89835
1940-06-01,,,,,,91148
1940-07-01,,,,,,93029
1940-08-01,,,,,,94421
1940-09-01,,,,,,94947
1940-10-01,,,,,,94658
1940-11-01,,,,,,92392
1940-12-01,,,,,,89304
1941-01-01,,,,,,85029
1941-02-01,,,,,,82902
1941-03-01,,,,,,81634
1941-04-01,,,,,,79138
1941-05-01,,,,,,79218
1941-06-01,,,,,,79948
1941-07-01,,,,,,80760
1941-08-01,,,,,,82268
1941-09-01,,,,,,83752
1941-10-01,,,,,,84960
1941-11-01,,,,,,83730
1941-12-01,,,,,,83195
1942-01-01,,,,,,78386
1942-02-01,,,,,,75386
1942-03-01,,,,,,70098
1942-04-01,,,,,,67658
1942-05-01,,,,,,68388
1942-06-01,,,,,,66341
1942-07-01,,,,,,66935
1942-08-01,,,,,,67613
1942-09-01,,,,,,69264
1942-10-01,,,,,,68873
1942-11-01,,,,,,66664
1942-12-01,,,,,,61783
1943-01-01,,,,,,60808
1943-02-01,,,,,,59657
1943-03-01,,,,,,57280
1943-04-01,,,,,,57381
1943-05-01,,,,,,57757
1943-06-01,,,,,,55879
1943-07-01,,,,,,57107
1943-08-01,,,,,,56857
1943-09-01,,,,,,57977
1943-10-01,,,,,,54952
1943-11-01,,,,,,53046
1943-12-01,,,,,,48484
1944-01-01,,,,,,36890
1944-02-01,,,,,,33561
1944-03-01,,,,,,29926
1944-04-01,,,,,,30152
1944-05-01,,,,,,32484
1944-06-01,,,,,,35242
1944-07-01,,,,,,38335
1944-08-01,,,,,,40712
1944-09-01,,,,,,43687
1944-10-01,,,,,,47352
1944-11-01,,,,,,45584
1944-12-01,,,,,,38333
1945-01-01,,,,,,44347
1945-02-01,,,,,,39760
1945-03-01,,,,,,35451
1945-04-01,,,,,,34418
1945-05-01,,,,,,34333
1945-06-01,,,,,,35606
1945-07-01,,,,,,38341
1945-08-01,,,,,,42227
1945-09-01,,,,,,42822
1945-10-01,,,,,,42068
1945-11-01,,,,,,41322
1945-12-01,,,,,,37158
1946-01-01,,,,,,34573
1946-02-01,,,,,,34008
1946-03-01,,,,,,32995
1946-04-01,,,,,,35206
1946-05-01,,,,,,38932
1946-06-01,,,,,,41492
1946-07-01,,,,,,45446
1946-08-01,,,,,,48186
1946-09-01,,,,,,54012
1946-10-01,,,,,,55580
1946-11-01,,,,,,52735
1946-12-01,,,,,,47094
1947-01-01,,,,,,41550
1947-02-01,,,,,,38480
1947-03-01,,,,,,37403
1947-04-01,,,,,,36455
1947-05-01,,,,,,39992
1947-06-01,,,,,,43515
1947-07-01,,,,,,47600
1947-08-01,,,,,,51334
1947-09-01,,,,,,52578
1947-10-01,,,,,,52502
1947-11-01,,,,,,52455
1947-12-01,,,,,,52502
1948-01-01,,,,,,44636
1948-02-01,,,,,,43156
1948-03-01,,,,,,41945
1948-04-01,,,,,,43301
1948-05-01,,,,,,48788
1948-06-01,,,,,,52465
1948-07-01,,,,,,58431
1948-08-01,,,,,,64096
1948-09-01,,,,,,68005
1948-10-01,,,,,,72363
1948-11-01,,,,,,77033
1948-12-01,,,,,,76970
1949-01-01,,,,,,62585
1949-02-01,,,,,,59389
1949-03-01,,,,,,58190
1949-04-01,,,,,,59668
1949-05-01,,,,,,63576
1949-06-01,,,,,,64628
1949-07-01,,,,,,66084
1949-08-01,,,,,,66843
1949-09-01,,,,,,67117
1949-10-01,,,,,,68673
1949-11-01,,,,,,65112
1949-12-01,,,,,,60193
1950-01-01,,,,,,55808
1950-02-01,,,,,,47828
1950-03-01,,,,,,41860
1950-04-01,,,,,,39979
1950-05-01,,,,,,39482
1950-06-01,,,,,,40124
1950-07-01,,,,,,42165
1950-08-01,,,,,,40979
1950-09-01,,,,,,41966
1950-10-01,,,,,,45004
1950-11-01,,,,,,45048
1950-12-01,,,,,,40750
1951-01-01,,,,,,40317
1951-02-01,,,,,,39409
1951-03-01,,,,,,37516
1951-04-01,,,,,,36910
1951-05-01,,,,,,39317
1951-06-01,,,,,,41566
1951-07-01,,,,,,45163
1951-08-01,,,,,,47243
1951-09-01,,,,,,48212
1951-10-01,,,,,,48415
1951-11-01,,,,,,45378
1951-12-01,,,,,,42853
1952-01-01,,,,,,39523
1952-02-01,,,,,,38295
1952-03-01,,,,,,37971
1952-04-01,,,,,,38561
1952-05-01,,,,,,38821
1952-06-01,,,,,,45688
1952-07-01,,,,,,52245
1952-08-01,,,,,,54061
1952-09-01,,,,,,56200
1952-10-01,,,,,,53052
1952-11-01,,,,,,53069
1952-12-01,,,,,,48706
1953-01-01,,,,,,45910
1953-02-01,,,,,,44178
1953-03-01,,,,,,41600
1953-04-01,,,,,,39572
1953-05-01,,,,,,41795
1953-06-01,,,,,,43801
1953-07-01,,,,,,47966
1953-08-01,,,,,,50007
1953-09-01,,,,,,50516
1953-10-01,,,,,,50820
1953-11-01,,,,,,51267
1953-12-01,,,,,,49370
1954-01-01,,,,,,47474
1954-02-01,,,,,,47119
1954-03-01,,,,,,44249
1954-04-01,,,,,,44362
1954-05-01,,,,,,47009
1954-06-01,,,,,,50216
1954-07-01,,,,,,54365
1954-08-01,,,,,,56332
1954-09-01,,,,,,56702
1954-10-01,,,,,,56541
1954-11-01,,,,,,54891
1954-12-01,,,,,,52105
1955-01-01,,,,,,49457
1955-02-01,,,,,,46042
1955-03-01,,,,,,44970
1955-04-01,,,,,,43838
1955-05-01,,,,,,45083
1955-06-01,,,,,,44398
1955-07-01,,,,,,44894
1955-08-01,,,,,,45480
1955-09-01,,,,,,46267
1955-10-01,,,,,,47040
1955-11-01,,,,,,44071
1955-12-01,,,,,,39174
1956-01-01,695017,,,,,38247
1956-02-01,686961,,,,,35673
1956-03-01,686883,,,,,32984
1956-04-01,698428,,,,,32740
1956-05-01,718204,,,,,36607
1956-06-01,734557,,,,,39073
1956-07-01,767614,,,,,43958
1956-08-01,789296,,,,,46617
1956-09-01,809021,,,,,47342
1956-10-01,819528,,,,,48400
1956-11-01,801706,,,,,44590
1956-12-01,780391,,,,,44491
1957-01-01,728557,,,,,38403
1957-02-01,716029,,,,,36201
1957-03-01,715545,,,,,37371
1957-04-01,730244,,,,,37429
1957-05-01,769646,,,,,41036
1957-06-01,802384,,,,,45572
1957-07-01,819246,,,,,49621
1957-08-01,835943,,,,,52645
1957-09-01,858994,,,,,58727
1957-10-01,863405,,,,,60025
1957-11-01,857904,,,,,59622
1957-12-01,841317,,,,,59959
1958-01-01,814887,,,,,57562
1958-02-01,777821,,,,,55095
1958-03-01,766073,,,,,54929
1958-04-01,760732,,,,,57975
1958-05-01,766411,,,,,61589
1958-06-01,773469,,,,,63864
1958-07-01,775979,,,,,66457
1958-08-01,794533,,,,,67230
1958-09-01,816668,,,,,67670
1958-10-01,822841,,,,,67045
1958-11-01,831305,,,,,66223
1958-12-01,788796,,,,,59508
1959-01-01,754390,,,,,55214
1959-02-01,751762,,,,,54178
1959-03-01,759057,,,,,57210
1959-04-01,765823,,,,,53327
1959-05-01,799256,,,,,55821
1959-06-01,816569,,,,,55479
1959-07-01,819179,,,,,54509
1959-08-01,834470,,,,,57855
1959-09-01,832655,,,,,59429
1959-10-01,845914,,,,,59506
1959-11-01,936528,,,,,58587
1959-12-01,808042,,,,,53501
1960-01-01,790865,,,,,49306
1960-02-01,780274,,,,,45775
1960-03-01,745742,,,,,40503
1960-04-01,760353,,,,,39285
1960-05-01,776660,,,,,39628
1960-06-01,779914,,,,,41074
1960-07-01,793733,,,,,43848
1960-08-01,802276,,,,,47177
1960-09-01,816623,,,,,50136
1960-10-01,831433,,,,,50003
1960-11-01,826755,,,,,49525
1960-12-01,778735,,,,,44870
1961-01-01,759439,,,,,42934
1961-02-01,752216,,,,,42635
1961-03-01,766999,,,,,40889
1961-04-01,791134,,,,,41848
1961-05-01,807200,,,,,44137
1961-06-01,817002,,,,,47362
1961-07-01,838232,,,,,50242
1961-08-01,841571,,,,,48771
1961-09-01,853618,,,,,50341
1961-10-01,866201,,,,,48969
1961-11-01,853344,,,,,46694
1961-12-01,825074,,,,,44869
1962-01-01,787991,,,,,41605
1962-02-01,774866,,,,,39457
1962-03-01,764080,,,,,37127
1962-04-01,783864,,,,,39267
1962-05-01,798445,,,,,40976
1962-06-01,812512,,,,,44891
1962-07-01,830062,,,,,50662
1962-08-01,847399,,,,,54085
1962-09-01,968504,,,,,55675
1962-10-01,879501,,,,,54077
1962-11-01,863571,,,,,51154
1962-12-01,834296,,,,,49775
1963-01-01,792943,,,,,46896
1963-02-01,759524,,,,,43627
1963-03-01,771002,,,,,42867
1963-04-01,795527,,,,,44685
1963-05-01,813647,,,,,46648
1963-06-01,833382,,,,,48100
1963-07-01,852667,,,,,50885
1963-08-01,864939,,,,,52456
1963-09-01,875897,,,,,52624
1963-10-01,887598,,,,,54359
1963-11-01,890453,,,,,52250
1963-12-01,835559,,,,,47538
1964-01-01,812789,,,,,45352
1964-02-01,802887,,,,,43262
1964-03-01,809249,,,,,39100
1964-04-01,818046,,,,,38477
1964-05-01,842722,,,,,40459
1964-06-01,843859,,,,,40356
1964-07-01,856716,,,,,42977
1964-08-01,837282,,,,,44644
1964-09-01,876467,,,,,45364
1964-10-01,878240,,,,,45936
1964-11-01,882471,,,,,46135
1964-12-01,839235,,,,,40403
1965-01-01,823988,,,,,38285
1965-02-01,801920,,,,,35711
1965-03-01,790628,,,,,34362
1965-04-01,802852,,,,,34476
1965-05-01,826732,,,,,40062
1965-06-01,840075,,,,,45246
1965-07-01,853232,,,,,50209
1965-08-01,864095,,,,,53850
1965-09-01,868433,,,,,55138
1965-10-01,880527,,,,,58350
1965-11-01,872955,,,,,59736
1965-12-01,936344,,,,,56214
1966-01-01,818702,,,,,53627
1966-02-01,794608,,,,,47634
1966-03-01,803006,,,,,46751
1966-04-01,812932,,,,,46231
1966-05-01,841981,,,,,49456
1966-06-01,850333,,,,,51703
1966-07-01,879401,,,,,56862
1966-08-01,892791,,,,,59570
1966-09-01,905535,,,,,61640
1966-10-01,916947,,,,,63951
1966-11-01,905722,,,,,63538
1966-12-01,881105,,,,,61196
1967-01-01,881749,,,,,61662
1967-02-01,861204,,,,,58254
1967-03-01,846761,,,,,53960
1967-04-01,880356,,,,,60036
1967-05-01,893309,,,,,61640
1967-06-01,899192,,,,,63480
1967-07-01,919971,,,,,63988
1967-08-01,940597,,,,,65674
1967-09-01,964898,,,,,67965
1967-10-01,976939,,,,,67960
1967-11-01,952913,,,,,64145
1967-12-01,944111,,,,,65597
1968-01-01,890548,,,,,58535
1968-02-01,863660,,,,,55074
1968-03-01,881733,,,,,60472
1968-04-01,898612,,,,,62830
1968-05-01,930225,,,,,66910
1968-06-01,959935,,,,,67566
1968-07-01,990995,,,,,72443
1968-08-01,1010547,,,,,74312
1968-09-01,1032461,,,,,75803
1968-10-01,1041546,,,,,76940
1968-11-01,1035709,,,,,74041
1968-12-01,999572,,,,,67359
1969-01-01,936324,,,,,60957
1969-02-01,904749,,,,,57930
1969-03-01,902716,,,,,55188
1969-04-01,920124,,,,,58213
1969-05-01,949050,,,,,60570
1969-06-01,974898,,,,,60511
1969-07-01,993054,,,,,63144
1969-08-01,1023238,,,,,64062
1969-09-01,1012509,,,,,63593
1969-10-01,1018020,,,,,62225
1969-11-01,1013284,,,,,60665
1969-12-01,980123,,,,,58395
1970-01-01,927855,,,,,49544
1970-02-01,907105,,,,,46068
1970-03-01,906154,,,,,40320
1970-04-01,923435,,,,,42791
1970-05-01,951563,,,,,44664
1970-06-01,966542,,,,,46036
1970-07-01,971005,,,,,47886
1970-08-01,982779,,,,,48141
1970-09-01,1009768,,,,,53954
1970-10-01,1025418,,,,,57130
1970-11-01,1043315,,,,,58823
1970-12-01,1017861,,,,,53994
1971-01-01,980427,,,,,53878
1971-02-01,943840,,,,,48900
1971-03-01,934405,,,,,49425
1971-04-01,945718,,,,,50623
1971-05-01,985965,,,,,55371
1971-06-01,1003522,,,,,58735
1971-07-01,1035972,,,,,63716
1971-08-01,1065671,,,,,65904
1971-09-01,1083488,,,,,66519
1971-10-01,1097430,,,,,68547
1971-11-01,1075204,,,,,59934
1971-12-01,1043947,,,,,59681
1972-01-01,1013934,,,,,59440
1972-02-01,964013,,,,,50891
1972-03-01,942300,,,,,51566
1972-04-01,946634,,,,,49425
1972-05-01,984433,,,,,53035
1972-06-01,991632,,,,,56109
1972-07-01,1023398,,,,,60230
1972-08-01,1025307,,,,,61399
1972-09-01,1046188,,,,,63692
1972-10-01,1050622,,,,,63758
1972-11-01,1013919,,,,,57702
1972-12-01,958979,,,,,55216
1973-01-01,905711,,,,,49154
1973-02-01,866305,,,,,43058
1973-03-01,887162,,,,,44711
1973-04-01,913300,,,,,47044
1973-05-01,933699,,,,,49207
1973-06-01,958011,,,,,51811
1973-07-01,986298,,,,,53363
1973-08-01,996955,,,,,53586
1973-09-01,1015641,,,,,55091
1973-10-01,1037440,,,,,54964
1973-11-01,1023238,,,,,51985
1973-12-01,1008307,,,,,53480
1974-01-01,975063,,,,,46548
1974-02-01,947171,,,,,45004
1974-03-01,953095,,,,,47222
1974-04-01,982586,,,,,51339
1974-05-01,1030035,,,,,54356
1974-06-01,1060197,,,,,57891
1974-07-01,1087447,,,,,59787
1974-08-01,1100961,,,,,60988
1974-09-01,1113835,,,,,60251
1974-10-01,1105682,,,,,58679
1974-11-01,1103346,,,,,60363
1974-12-01,1073646,,,,,59694
1975-01-01,1099144,,,,,69233
1975-02-01,1086214,,,,,66495
1975-03-01,1076360,,,,,64148
1975-04-01,1057161,,,,,66340
1975-05-01,1069396,,,,,73498
1975-06-01,1071150,,,,,69660
1975-07-01,1086350,,,,,71526
1975-08-01,1106915,,,,,71857
1975-09-01,1147338,,,,,76938
1975-10-01,1156125,,,,,81858
1975-11-01,1179645,,,,,83131
1975-12-01,1132955,,,,,74126
1976-01-01,1088620,,,,,66592
1976-02-01,1070236,,,,,68859
1976-03-01,1060489,,,,,65132
1976-04-01,1057035,,,,,66458
1976-05-01,1073222,,,,,65147
1976-06-01,1093550,,,,,64272
1976-07-01,1134394,,,,,69812
1976-08-01,1157710,,,,,68490
1976-09-01,1191540,,,,,76438
1976-10-01,1203855,,,,,79117
1976-11-01,1180820,,,,,73284
1976-12-01,1111810,,,,,72344
1977-01-01,1064912,,,,,64760
1977-02-01,1050491,,,,,71429
1977-03-01,1086808,,,,,71192
1977-04-01,1121186,,,,,70186
1977-05-01,1171386,,,,,73420
1977-06-01,1195272,,,,,72036
1977-07-01,1239137,,,,,77840
1977-08-01,1269412,,,,,78798
1977-09-01,1303685,,,,,87522
1977-10-01,1336449,,,,,95896
1977-11-01,1346314,,,,,95155
1977-12-01,1311900,,,,,89993
1978-01-01,1268534,,,,,81657
1978-02-01,1191308,,,,,65091
1978-03-01,1167810,,,,,62388
1978-04-01,1174068,,,,,66209
1978-05-01,1176721,,,,,72233
1978-06-01,1185124,,,,,71860
1978-07-01,1222408,,,,,75320
1978-08-01,1221392,,,,,74166
1978-09-01,1262932,,,,,81314
1978-10-01,1281289,,,,,83435
1978-11-01,1291595,,,,,88729
1978-12-01,1277619,,,,,90194
1979-01-01,1230965,,,,,81853
1979-02-01,1151449,,,,,67899
1979-03-01,1142427,,,,,71652
1979-04-01,1166438,,,,,79959
1979-05-01,1177966,,,,,84261
1979-06-01,1209747,,,,,79816
1979-07-01,1255025,,,,,85907
1979-08-01,1282803,,,,,87622
1979-09-01,1308802,,,,,87789
1979-10-01,1329638,,,,,91611
1979-11-01,1339356,,,,,90799
1979-12-01,1340862,,,,,95598
1980-01-01,1351169,,,,,97187
1980-02-01,1343320,,,,,90993
1980-03-01,1347842,,,,,88302
1980-04-01,1367071,,,,,85252
1980-05-01,1386814,,,,,87671
1980-06-01,1410936,,,,,87792
1980-07-01,1425434,,,,,85603
1980-08-01,1448588,,,,,86944
1980-09-01,1447157,,,,,87868
1980-10-01,1429666,,,,,90975
1980-11-01,1432435,,,,,93208
1980-12-01,1392228,,,,,91786
1981-01-01,1387773,,,133791,,82145
1981-02-01,1388543,,,128306,,77933
1981-03-01,1401209,,,126716,,74841
1981-04-01,1414626,,,133607,,72862
1981-05-01,1438344,,,140428,,78134
1981-06-01,1430193,,,146836,,69404
1981-07-01,1438522,,,154466,,69348
1981-08-01,1457183,,,162593,,74902
1981-09-01,1475973,,,165697,,80191
1981-10-01,1484763,,,162372,,79931
1981-11-01,1501479,,,160385,,81391
1981-12-01,1483648,,,150170,,77992
1982-01-01,1455851,,,136783,,68662
1982-02-01,1428174,,,131661,,58497
1982-03-01,1391947,,,124851,,58128
1982-04-01,1345550,,,119886,,53624
1982-05-01,1346689,,,121324,,58950
1982-06-01,1360173,,,123402,,60674
1982-07-01,1393459,,,124607,,58943
1982-08-01,1408466,,,125400,,52647
1982-09-01,1413964,,,123074,,61818
1982-10-01,1432418,,,118439,,63575
1982-11-01,1455203,,,114258,,66397
1982-12-01,1429924,,,105077,,66200
1983-01-01,1452480,,,98479,,60538
1983-02-01,1430259,,,95827,,53332
1983-03-01,1371578,,,97838,,46293
1983-04-01,1374381,,,102754,,46578
1983-05-01,1393515,,,109601,,50957
1983-06-01,1405457,,,120657,,49869
1983-07-01,1426434,,,127667,,51860
1983-08-01,1459525,,,135440,,48284
1983-09-01,1485334,,,135462,,49681
1983-10-01,1507529,,,139003,,51241
1983-11-01,1509555,,,135098,,54156
1983-12-01,1453637,,,116532,,48504
1984-01-01,1429249,,,100975,,45090
1984-02-01,1463380,,,97158,,57140
1984-03-01,1444286,,,96669,,47890
1984-04-01,1461744,,,101797,,47427
1984-05-01,1496197,,,110329,,46442
1984-06-01,1502581,,,116839,,46880
1984-07-01,1513056,,,121525,,49233
1984-08-01,1497510,,,124026,,44617
1984-09-01,1512781,,,125025,,46836
1984-10-01,1543926,,,119472,,50787
1984-11-01,1556322,,,116258,,47029
1984-12-01,1556227,,,108446,,53000
1985-01-01,1512011,,,95294,,46201
1985-02-01,1462400,,,86644,,45053
1985-03-01,1459514,,,86001,,46127
1985-04-01,1473439,,,90221,,46195
1985-05-01,1507510,,,96365,,41397
1985-06-01,1511050,,,101922,,39622
1985-07-01,1516302,,,105910,,40507
1985-08-01,1493785,,,108896,,37164
1985-09-01,1502444,,,106667,,43359
1985-10-01,1495533,,,97102,,50418
1985-11-01,1523397,,,91816,,50263
1985-12-01,1518769,,,81707,,50381
1986-01-01,1535313,,,78770,,48655
1986-02-01,1513826,,,76170,,43048
1986-03-01,1488558,,,78231,,39709
1986-04-01,1479493,,,84220,,35910
1986-05-01,1505822,,,95798,,39431
1986-06-01,1542893,,,111458,,42767
1986-07-01,1572732,,,126110,,40433
1986-08-01,1582297,,,134938,,41346
1986-09-01,1617975,,,138796,,44006
1986-10-01,1610448,,,131785,,45822
1986-11-01,1612020,,,122639,,46275
1986-12-01,1592512,,,109532,,47437
1987-01-01,1586013,,,93979,,44931
1987-02-01,1563370,,,88728,,38140
1987-03-01,1556690,,,88569,,39303
1987-04-01,1539247,,,92705,,35890
1987-05-01,1541746,,,101897,,40371
1987-06-01,1547960,,,107974,,41356
1987-07-01,1558476,,,112761,,44694
1987-08-01,1592005,,,120211,,45690
1987-09-01,1605705,,,122768,,44417
1987-10-01,1609977,,,120373,,45619
1987-11-01,1634948,,,116176,,49975
1987-12-01,1607451,,,104119,,47410
1988-01-01,1596994,,,85937,,46033
1988-02-01,1575694,,,76632,,45090
1988-03-01,1559267,,,75802,,43746
1988-04-01,1578298,,,87564,,42756
1988-05-01,1613780,,,98374,,45662
1988-06-01,1611809,,,108996,,42165
1988-07-01,1629119,,,121221,,41007
1988-08-01,1623519,,,130287,,38007
1988-09-01,1628393,,,131040,,44592
1988-10-01,1630425,,,128859,,42470
1988-11-01,1631275,,,121239,,44003
1988-12-01,1597232,,,103988,,44621
1989-01-01,1620242,,,92845,,47232
1989-02-01,1601010,,,83664,,45607
1989-03-01,1568438,,,81203,,41644
1989-04-01,1595647,,,90926,,40075
1989-05-01,1622604,,,104999,,42473
1989-06-01,1607664,,,113302,,44101
1989-07-01,1648901,,,126828,,42742
1989-08-01,1654432,,,136625,,44541
1989-09-01,1667408,,,134726,,49399
1989-10-01,1657962,,,124802,,50935
1989-11-01,1663157,,,112802,,52373
1989-12-01,1581419,,,88806,,43838
1990-01-01,1629687,,,85385,,50206
1990-02-01,1634646,,,84921,,51218
1990-03-01,1641913,,,87398,,46307
1990-04-01,1640188,,,89994,,49009
1990-05-01,1671526,,,99075,,49696
1990-06-01,1685033,,,113609,,46769
1990-07-01,1709064,,,122875,,49000
1990-08-01,1698525,,,133699,,48975
1990-09-01,1698230,,,133589,,49436
1990-10-01,1674446,,,125421,,49349
1990-11-01,1653864,,,116139,,50098
1990-12-01,1620633,,,104038,,48561
1991-01-01,1586583,,,83127,,47957
1991-02-01,1573344,,,75872,,45832
1991-03-01,1557613,,,79690,,43201
1991-04-01,1577938,,,90657,,45241
1991-05-01,1626106,,,104771,,46804
1991-06-01,1633524,,,116167,,43719
1991-07-01,1634964,,,121792,,43684
1991-08-01,1647965,,,127982,,45789
1991-09-01,1662876,,,124872,,48124
1991-10-01,1644041,,,125512,,48319
1991-11-01,1647185,,,114782,,49038
1991-12-01,1616954,,,99630,,49899
1992-01-01,1610229,,,84811,,45444
1992-02-01,1587613,,,73739,,43855
1992-03-01,1570825,,,79419,,41481
1992-04-01,1583053,,,92504,,39139
1992-05-01,1602438,,,107773,,41215
1992-06-01,1603134,,,117559,,40890
1992-07-01,1619684,,,128855,,39749
1992-08-01,1620828,,,141147,,43611
1992-09-01,1635608,,,143632,,47292
1992-10-01,1640336,,,135503,,45048
1992-11-01,1635832,,,118796,,46515
1992-12-01,1591974,,,97826,,42589
1993-01-01,1618467,,716457,81909,,43956
1993-02-01,1602299,,694156,72579,,41897
1993-03-01,1590206,,675482,74899,,40435
1993-04-01,1616565,,686152,90363,,41404
1993-05-01,1649507,,714526,107904,,43068
1993-06-01,1666731,,731702,123027,,45674
1993-07-01,1682328,,747122,136061,,42507
1993-08-01,1675961,,756403,151201,,44493
1993-09-01,1665385,,758996,157374,,43566
1993-10-01,1688069,,771501,151966,,46754
1993-11-01,1685997,,761896,135027,,48186
1993-12-01,1647219,,724754,117065,,44194
1994-01-01,1621924,,696665,87120,,44319
1994-02-01,1585876,,663332,73046,,39858
1994-03-01,1584184,,651583,74095,,41745
1994-04-01,1590659,,660095,84453,,39790
1994-05-01,1612401,,689679,99940,,40718
1994-06-01,1624184,,704581,114939,,39441
1994-07-01,1654336,,730136,126075,,39828
1994-08-01,1659348,,739154,136168,,40989
1994-09-01,1683513,,756511,139799,,44484
1994-10-01,1672597,,737685,131231,,43078
1994-11-01,1687034,,749074,122765,,43660
1994-12-01,1652785,,723870,108026,,41851
1995-01-01,1643391,,721257,91806,,43576
1995-02-01,1607708,,686952,77704,,36675
1995-03-01,1601011,,669853,82949,,37762
1995-04-01,1601378,,673262,92330,,37089
1995-05-01,1611678,,687657,104112,,38570
1995-06-01,1608957,,689374,118181,,35957
1995-07-01,1624436,,717167,134202,,36791
1995-08-01,1614321,,714898,144725,,37899
1995-09-01,1619692,,722178,144247,,39627
1995-10-01,1606658,,703923,136477,,37933
1995-11-01,1604002,,693373,122361,,37430
1995-12-01,1562852,,667884,100199,,37188
1996-01-01,1544253,,649542,78508,,35529
1996-02-01,1500274,,607388,60941,,31715
1996-03-01,1481772,,592990,61869,,31598
1996-04-01,1501631,,611968,70014,,33659
1996-05-01,1519542,,629812,81273,,34215
1996-06-01,1546497,,647608,95283,,34831
1996-07-01,1550013,,658696,108324,,34726
1996-08-01,1545382,,654651,118415,,35727
1996-09-01,1551463,,675688,122921,,37772
1996-10-01,1537692,,656150,118697,,38266
1996-11-01,1521745,,652635,103551,,42447
1996-12-01,1507416,,657747,92579,,45920
1997-01-01,1500682,,636694,74935,,41863
1997-02-01,1481675,,621094,62474,,40004
1997-03-01,1511551,,634864,69258,,41420
1997-04-01,1517575,,634978,79842,,40536
1997-05-01,1561043,,671306,96206,,39163
1997-06-01,1574812,,691034,112605,,39164
1997-07-01,1559004,,685859,126444,,35467
1997-08-01,1570148,,705788,138947,,36420
1997-09-01,1592273,,725054,140275,,34794
1997-10-01,1597809,,718413,136349,,36057
1997-11-01,1599519,,712567,119956,,37894
1997-12-01,1559759,,691640,95196,,40462
1998-01-01,1569770,,689586,79784,,39685
1998-02-01,1568605,,687374,76763,,38199
1998-03-01,1586947,,689037,76024,,40645
1998-04-01,1614074,,699499,91570,,39223
1998-05-01,1651983,,737680,114444,,38815
1998-06-01,1650702,,754997,131458,,39709
1998-07-01,1661499,,760005,142069,,39586
1998-08-01,1668858,,776440,155960,,41774
1998-09-01,1652490,,779291,162949,,39688
1998-10-01,1649419,,755246,155388,,40870
1998-11-01,1671784,,767991,143043,,42688
1998-12-01,1646975,,752027,123760,,44909
1999-01-01,1642103,,737942,100149,,43878
1999-02-01,1635355,,729784,92170,,42129
1999-03-01,1620118,,703170,86449,,39533
1999-04-01,1624089,,716159,95263,,40301
1999-05-01,1657542,,743960,108851,,40576
1999-06-01,1642303,,735784,117356,,42456
1999-07-01,1643652,,736084,127874,,44375
1999-08-01,1621628,,731597,136193,,38709
1999-09-01,1614843,,735855,133251,,40762
1999-10-01,1585057,,708719,124086,,40535
1999-11-01,1570507,,703065,117143,,40386
1999-12-01,1492931,,641208,94721,,35830
2000-01-01,1477448,,625073,72700,,36136
2000-02-01,1466210,,610993,61860,,34403
2000-03-01,1476302,,609802,62772,,36442
2000-04-01,1505432,,632186,74288,,35342
2000-05-01,1517741,,653616,92075,,37290
2000-06-01,1525954,,666438,103029,,37040
2000-07-01,1539634,,687093,118530,,35353
2000-08-01,1531794,,673142,129497,,37134
2000-09-01,1526910,,678671,130953,,37700
2000-10-01,1506655,,664279,123516,,35002
2000-11-01,1505414,,671467,113631,,39001
2000-12-01,1467547,,641362,87722,,36200
2001-01-01,1478528,,642526,68948,,37173
2001-02-01,1472902,,648758,65296,,38412
2001-03-01,1484056,,633222,69853,,39029
2001-04-01,1521526,,648599,78889,,39647
2001-05-01,1555265,,683631,100966,,41079
2001-06-01,1563020,,711501,118733,,41653
2001-07-01,1568330,,711713,130666,,39101
2001-08-01,1548249,,696580,144142,,35015
2001-09-01,1578940,,724893,148764,,37184
2001-10-01,1576990,,718547,145108,,38206
2001-11-01,1587757,,728242,140260,,39201
2001-12-01,1586349,,724128,128272,,41047
2002-01-01,1590645,,715746,111028,,41356
2002-02-01,1576425,,689117,96230,,38994
2002-03-01,1572822,,677832,92221,,34316
2002-04-01,1588439,,697048,108575,,34578
2002-05-01,1610944,,712658,122051,,33876
2002-06-01,1616137,,722132,134904,,32737
2002-07-01,1610814,,728026,145995,,33540
2002-08-01,1596346,,717868,157120,,31930
2002-09-01,1574063,,716190,158260,,32998
2002-10-01,1573034,,691941,147431,,33556
2002-11-01,1578466,,694500,132503,,35600
2002-12-01,1547910,,671205,113285,,31333
2003-01-01,1504403,,631111,83007,,31336
2003-02-01,1460452,,590119,63865,,30911
2003-03-01,1474478,,593644,63976,,32006
2003-04-01,1496082,,605122,71060,,30707
2003-05-01,1532900,,644261,87888,,35920
2003-06-01,1559756,,666621,107624,,35251
2003-07-01,1570434,,673105,124131,,31502
2003-08-01,1571972,,674177,133291,,30096
2003-09-01,1597968,,686949,133903,,31633
2003-10-01,1601678,,676163,132224,,33856
2003-11-01,1598206,,683381,124030,,35907
2003-12-01,1568303,,661040,100889,,37800
2004-01-01,1556354,,643592,80073,,38086
2004-02-01,1557130,,625952,66641,,39664
2004-03-01,1570788,,621301,73112,,38763
2004-04-01,1580367,,618855,79843,,36276
2004-05-01,1610065,,644218,94208,,36149
2004-06-01,1630882,,663659,103832,,37512
2004-07-01,1646102,,686012,121599,,34730
2004-08-01,1654216,,706571,137142,,37162
2004-09-01,1641501,,698280,145285,,33977
2004-10-01,1637187,,680199,135324,,36057
2004-11-01,1656220,,695218,126600,,42356
2004-12-01,1644805,,683464,111085,,42363
2005-01-01,1631066,949984,681082,93596,,40883
2005-02-01,1646402,968023,678379,82832,,40822
2005-03-01,1644426,991656,652770,81352,,39607
2005-04-01,1685810,1013597,672213,100671,,37001
2005-05-01,1713593,1013967,699626,120620,,37952
2005-06-01,1723490,1008280,715210,137418,,37685
2005-07-01,1727179,1001211,725968,150320,,36855
2005-08-01,1699944,994300,705644,154868,,33076
2005-09-01,1688275,983986,704289,156382,,34203
2005-10-01,1700287,991273,709014,154675,,35717
2005-11-01,1713340,991953,721387,146079,,39844
2005-12-01,1681551,992195,689356,117412,,37387
2006-01-01,1696514,990662,705852,103915,,40847
2006-02-01,1702995,1011152,691843,89025,,41624
2006-03-01,1674831,1012471,662360,81579,,40847
2006-04-01,1684091,1019145,664946,93695,,39155
2006-05-01,1707169,1012886,694283,108081,,41145
2006-06-01,1712513,1008370,704143,120395,,42726
2006-07-01,1726740,1003232,723508,133846,,42973
2006-08-01,1746561,1004462,742099,146653,,41922
2006-09-01,1768870,1004436,764434,157276,,43430
2006-10-01,1752641,1011522,741119,155178,,42018
2006-11-01,1728775,1006789,721986,142499,,43441
2006-12-01,1703049,984424,718625,125109,,42397
2007-01-01,1706809,995938,710871,102961,,42329
2007-02-01,1648933,988891,660042,81158,,35836
2007-03-01,1660261,1002143,658118,81711,,39610
2007-04-01,1676613,1014183,662430,87101,,38360
2007-05-01,1706518,1026358,680160,101987,,36532
2007-06-01,1712479,1027223,685256,113910,,36124
2007-07-01,1716222,1009750,706472,124184,,39672
2007-08-01,1698588,993907,704681,135826,,36383
2007-09-01,1699464,986844,712620,137802,,37035
2007-10-01,1690449,984162,706287,136535,,38814
2007-11-01,1672428,977683,694745,124072,,38774
2007-12-01,1647633,965334,682299,105870,,39338
2008-01-01,1659070,977076,681994,87125,,39304
2008-02-01,1645959,983449,662510,73643,,39434
2008-03-01,1637298,997590,639708,72896,,39873
2008-04-01,1648913,1003707,645206,88330,,39483
2008-05-01,1656603,990403,666200,103528,,40056
2008-06-01,1668491,984209,684282,115385,,41212
2008-07-01,1680705,985063,695642,127464,,36784
2008-08-01,1693096,992226,700870,140644,,38623
2008-09-01,1686870,988897,697973,152460,,38913
2008-10-01,1693553,996991,696562,146578,,39413
2008-11-01,1714474,1005839,708635,138645,,38631
2008-12-01,1719144,1010068,709076,126909,,36057
2009-01-01,1747478,1036940,710538,114158,,33538
2009-02-01,1758414,1044826,713588,104732,,38284
2009-03-01,1784196,1061228,722968,106658,,38376
2009-04-01,1797303,1070957,726346,116188,,34476
2009-05-01,1812794,1062804,749990,134109,,38392
2009-06-01,1826007,1052755,773252,149752,,36901
2009-07-01,1831772,1051308,780464,162136,,35237
2009-08-01,1815681,1041638,774043,169282,,33368
2009-09-01,1830408,1042160,788248,171251,,35194
2009-10-01,1807079,1039490,767589,158864,,35131
2009-11-01,1795899,1044975,750924,135378,,36377
2009-12-01,1758336,1033756,724580,112628,,37168
2010-01-01,1764315,1042716,721599,88729,83567,40260
2010-02-01,1763107,1048983,714124,79223,74735,41380
2010-03-01,1766000,1065046,700954,82000,76828,40690
2010-04-01,1788986,1069234,719752,99018,93514,43538
2010-05-01,1809301,1067876,741425,115803,110122,45601
2010-06-01,1820175,1071579,748596,130544,124732,42670
2010-07-01,1834077,1063603,770474,141334,135075,41266
2010-08-01,1840359,1065300,775059,150119,143883,38830
2010-09-01,1839140,1068831,770309,151777,144851,40092
2010-10-01,1825121,1073380,751741,149038,144191,41110
2010-11-01,1805252,1057989,747263,141548,137077,40534
2010-12-01,1771617,1038627,732990,119648,115463,41347
2011-01-01,1786250,1050002,736248,100615,96198,39440
2011-02-01,1757213,1053356,703857,85618,80550,35346
2011-03-01,1753412,1064963,688449,84563,80010,37740
2011-04-01,1756410,1070955,685455,94130,89829,39916
2011-05-01,1783986,1072614,711372,107789,102342,37576
2011-06-01,1785716,1060230,725486,122064,117015,37899
2011-07-01,1792659,1042507,750152,137104,131722,38166
2011-08-01,1772387,1021273,751114,148314,142698,39040
2011-09-01,1757624,1004196,753428,151086,144591,34709
2011-10-01,1745599,1010873,734726,150137,143694,36931
2011-11-01,1745567,1010553,735014,139816,132594,39318
2011-12-01,1724807,1004172,720635,126552,118524,34189
2012-01-01,1744075,1013833,730242,115109,107806,33956
2012-02-01,1739302,1018830,720472,108431,101299,35993
2012-03-01,1755850,1043559,712291,116392,110111,36644
2012-04-01,1757494,1052996,704498,130593,124485,34623
2012-05-01,1770841,1059710,711131,147633,141831,33035
2012-06-01,1783681,1058104,725577,162509,155832,36933
2012-07-01,1786235,1042627,743608,175734,168106,35898
2012-08-01,1774231,1032341,741890,186719,178614,34158
2012-09-01,1792475,1038294,754181,190776,182771,35519
2012-10-01,1782621,1044483,738138,181610,175093,37424
2012-11-01,1782571,1047363,735208,170163,163142,37027
2012-12-01,1778556,1033064,745492,151747,145506,33951
2013-01-01,1781006,1045099,735907,133207,127860,35535
2013-02-01,1759744,1052768,706976,119445,114383,37985
2013-03-01,1762487,1060590,701897,114352,108139,36986
2013-04-01,1777006,1063524,713482,123837,117528,40316
2013-05-01,1786562,1059273,727289,141550,136432,38965
2013-06-01,1788950,1044776,744174,159062,152890,37556
2013-07-01,1787650,1035360,752290,170985,165626,37801
2013-08-01,1791847,1033096,758751,184966,178428,35245
2013-09-01,1801428,1039985,761443,187887,179402,35585
2013-10-01,1777483,1048566,728917,173343,167262,36319
2013-11-01,1756464,1040141,716323,153837,146980,35714
2013-12-01,1727885,1023160,704725,124809,118743,38144
2014-01-01,1714552,1032207,682345,99988,93768,36874
2014-02-01,1715843,1041243,674600,91942,85938,36355
2014-03-01,1723950,1050916,673034,96175,90302,36049
2014-04-01,1751766,1058654,693112,114907,109288,35971
2014-05-01,1781534,1056432,725102,140122,133591,38320
2014-06-01,1785307,1045277,740030,163971,156452,36649
2014-07-01,1789362,1029709,759653,188348,181564,35698
2014-08-01,1795063,1022048,773015,206177,198120,37507
2014-09-01,1808170,1023124,785046,211310,203294,36588
2014-10-01,1801760,1042683,759077,206105,198453,36767
2014-11-01,1811126,1047692,763434,191511,185069,36307
2014-12-01,1825441,1051824,773617,173767,167441,33662
2015-01-01,1847420,1080169,767251,152217,145225,34389
2015-02-01,1847841,1106266,741575,132100,124780,37096
2015-03-01,1881064,1134150,746914,138295,130805,38443
2015-04-01,1907095,1143660,763435,157633,150086,39211
2015-05-01,1928459,1141306,787153,177929,170082,41366
2015-06-01,1938598,1132701,805897,193309,184763,41976
2015-07-01,1936370,1119943,816427,206089,197960,40127
2015-08-01,1958370,1120983,837387,221094,213460,38918
2015-09-01,1967709,1124257,843452,225554,216379,41560
2015-10-01,1975254,1150339,824915,224747,217318,43211
2015-11-01,1989222,1151117,838105,214112,208538,43591
2015-12-01,1982022,1144339,837683,194491,188879,42148
2016-01-01,2013657,1166883,846774,164140,158221,44068
2016-02-01,2017956,1187267,830689,147085,141508,45935
2016-03-01,2024345,1199923,824422,152489,146597,44537
2016-04-01,2035178,1204430,830748,167949,160497,43182
2016-05-01,2050532,1206965,843567,184971,178170,40283
2016-06-01,2049443,1195957,853486,209878,202714,40396
2016-07-01,2066491,1188554,877937,228770,221919,38541
2016-08-01,2066350,1181768,884582,247136,240986,39630
2016-09-01,2051217,1166627,884590,250833,243190,38878
2016-10-01,2053013,1186290,866723,242937,233739,39279
2016-11-01,2056225,1185818,870407,232634,222860,40800
2016-12-01,2029572,1179704,849868,200195,190771,41475
2017-01-01,2052687,1201876,850811,164890,156549,38502
2017-02-01,2049111,1220244,828867,153618,148060,37807
2017-03-01,2030437,1230105,800332,147555,142052,37514
2017-04-01,2028350,1213073,815277,153344,148125,36517
2017-05-01,2033956,1201286,832670,170211,164563,37044
2017-06-01,2009883,1180731,829152,189858,184071,33183
2017-07-01,1998459,1162294,836165,205813,199122,31191
2017-08-01,1987216,1138781,848435,229815,223593,32656
2017-09-01,1977780,1143228,834552,228663,222074,33603
2017-10-01,1941200,1128682,812518,230676,224424,29956
2017-11-01,1923312,1114332,808980,216485,210880,29794
2017-12-01,1894570,1084477,810093,190004,184131,29377
2018-01-01,1882606,1084994,797612,155733,150037,32456
2018-02-01,1879022,1089301,789721,140938,135074,32911
2018-03-01,1864084,1090395,773689,138643,133012,35048
2018-04-01,1867696,1100544,767152,144804,139196,32339
2018-05-01,1873069,1094364,778705,162133,156618,31861
2018-06-01,1869206,1075167,794039,180937,175526,30028
2018-07-01,1874625,1069654,804971,196486,191215,29334
2018-08-01,1893824,1067594,826230,213551,207430,27845
2018-09-01,1933191,1076693,856498,225295,219094,28704
2018-10-01,1918649,1088648,830001,225428,217957,29234
2018-11-01,1911757,1098946,812811,209316,201111,29793
2018-12-01,1913240,1091640,821600,189024,180861,28314
2019-01-01,1919617,1097943,821674,165737,157038,29374
2019-02-01,1902362,1100854,801508,155175,145437,27809
2019-03-01,1898151,1108448,789703,162993,153600,28711
2019-04-01,1915886,1117417,798469,179321,170905,27920
2019-05-01,1957062,1124976,832086,206405,198642,30028
2019-06-01,1954933,1108779,846154,228930,221370,30339
2019-07-01,1959491,1086868,872623,241177,233320,30608
2019-08-01,1951966,1075634,876332,259966,252067,28642
2019-09-01,1949367,1071274,878093,267098,258651,29896
2019-10-01,1933697,1085387,848310,257139,247710,29562
2019-11-01,1925621,1081896,843725,237204,229033,32543
2019-12-01,1924003,1067904,856099,217722,208769,30904
